bond_tenor,tenor_weight,market_value,average_yield,tenor_duration,tenor_convexity
3,0.0974,904469.63,2.5,2.93,11.42
5,0.30123,2476603.9,4.0,4.81,27.74
10,0.30046,1678006.29,6.0,9.43,97.9
20,0.09995,214834.36,8.0,18.52,360.1
30,0.20096,132441.08,9.5,27.4,775.64
