,bond_tenor,tenor_weight,market_value,average_yield,tenor_duration,tenor_convexity
0,3,0.19852,1843500.72,2.5,58103.43,226746.94
1,5,0.29962,2376254.63,4.75,143017.93,819216.72
2,10,0.30192,1538133.17,6.99,282192.26,2901373.61
3,30,0.19994,100371.95,10.5,542835.41,15229304.59
