bond_tenor,tenor_weight,market_value,average_yield,tenor_duration,tenor_convexity
3,0.0998,926828.64,2.5,2.93,11.42
5,0.30118,2475995.66,4.0,4.81,27.74
10,0.29805,1664695.26,6.0,9.43,97.9
20,0.1023,219795.95,8.0,18.52,360.09
30,0.19867,130931.25,9.5,27.4,775.64
