bond_tenor,tenor_weight,market_value,average_yield,tenor_duration,tenor_convexity
3,0.10053,933555.05,2.5,2.93,11.42
5,0.30059,2471095.23,4.0,4.81,27.74
10,0.29843,1667195.02,6.0,9.43,97.9
20,0.10085,216687.1,8.0,18.52,360.09
30,0.1996,131471.41,9.5,27.4,775.61
