bond_tenor,tenor_weight,market_value,average_yield,tenor_duration,tenor_convexity
3,0.10067,934872.39,2.5,2.93,11.42
5,0.29879,2456148.43,4.0,4.81,27.74
10,0.29802,1664661.64,6.0,9.43,97.9
20,0.09911,212794.45,8.0,18.52,360.06
30,0.20341,134124.62,9.5,27.4,775.66
