bond_tenor,tenor_weight,market_value,average_yield,tenor_duration,tenor_convexity
3,0.19898,1847854.89,2.5,2.93,11.42
5,0.29918,2372871.95,4.75,4.77,27.34
10,0.29835,1519071.11,7.0,9.35,96.09
30,0.20349,102105.63,10.5,27.15,761.67
