bond_tenor,tenor_weight,market_value,average_yield,tenor_duration,tenor_convexity
3,0.1004,932365.34,2.5,2.93,11.42
5,0.29857,2454568.25,4.0,4.81,27.74
10,0.29889,1669604.53,6.0,9.43,97.9
20,0.10161,218204.59,8.0,18.52,360.07
30,0.20053,132170.94,9.5,27.4,775.64
